Unique identifier,Title,Song words,Audio file link,PDF filename,XML filename,Interactive score
IE-2019-D-HLS-001,"One, two, three, four, song ","One, two three, four
Anastasia at the door
Kissing Gabbie at the gate,
Five, six, seven, eight.",https://s3-eu-west-1.amazonaws.com/audio.itma.ie/dustybluebells/Item_001_(HS_6818_Track_18).mp3,IE-2019-D-HLS-001.pdf,IE-2019-D-HLS-001.xml,soundslice.com/slices/3HRlc/
IE-2019-D-HLS-002,"Twenty, eighteen, song ","Twenty, eighteen, sixteen, fourteen, Twelve, ten, eight, six, four, two, none, Nineteen, seventeen, fifteen and thirteen, Eleven, nine, seven, five, three and one.",https://s3-eu-west-1.amazonaws.com/audio.itma.ie/dustybluebells/Item_007_(HS_6112_(ITMA_2192g_Track_21)).mp3,IE-2019-D-HLS-002.pdf,IE-2019-D-HLS-002.xml,soundslice.com/slices/1HRlc/
IE-2019-D-HLS-003,"The rippo, the rappo, song ","The rippo, the rappo, the sailor’s on the sea,
Me oh, my oh, they’re after me.
Are you coming to the fair?
I went, she went, there’s no fair there.
I must not miss a loopie-oh.",https://s3-eu-west-1.amazonaws.com/audio.itma.ie/dustybluebells/Item_013_(HS_6818_Track_16).mp3,IE-2019-D-HLS-003.pdf,IE-2019-D-HLS-003.xml,soundslice.com/slices/LHRlc/
IE-2019-D-HLS-004,"Bluebells, cockleshells, rhyme ","Bluebells, cockle-shells,
Eever, iver, over.",https://s3-eu-west-1.amazonaws.com/audio.itma.ie/dustybluebells/Item_018_(HS_6818_Track_26).mp3,IE-2019-D-HLS-004.pdf,IE-2019-D-HLS-004.xml,soundslice.com/slices/nHRlc/
IE-2019-D-HLS-005,"Skip, skip, skip to my Lou, song ","Skip, skip, skip to maloo, Skip, skip, skip to maloo, Skip, skip, skip to maloo, Skip to maloo, my darling.",https://s3-eu-west-1.amazonaws.com/audio.itma.ie/dustybluebells/Item_021_(HS_6903_Track_5_pruned).mp3,IE-2019-D-HLS-005.pdf,IE-2019-D-HLS-005.xml,soundslice.com/slices/gHRlc/
IE-2019-D-HLS-006,"My name is L I L I, song ","My name is L - I - L - I
Chickalie, chickalie,
Walla waller winker,
Chinese chopsticks,
Indian chief.",https://s3-eu-west-1.amazonaws.com/audio.itma.ie/dustybluebells/Item_026_(HS_6818_Track_39).mp3,IE-2019-D-HLS-006.pdf,IE-2019-D-HLS-006.xml,soundslice.com/slices/6HRlc/
IE-2019-D-HLS-007,"Dusty bluebells, song ","In and out goes the dusty bluebells,
In and out goes the dusty bluebells,
In and out goes the dusty bluebells,
You are the master.
Tapper-rapper-rapper on your shoulders,
Tapper-rapper-rapper on your shoulders,
Tapper-rapper-rapper on your shoulders,
You are the master.",https://s3-eu-west-1.amazonaws.com/audio.itma.ie/dustybluebells/Item_028_(HS_6918_Track_06).mp3,IE-2019-D-HLS-007.pdf,IE-2019-D-HLS-007.xml,soundslice.com/slices/hHRlc/
IE-2019-D-HLS-008,"A big ship sailed to the illy ally oh, song","A big ship sails to the illy ally oh,
The illy ally oh, the illy ally oh,
A big ship sails to the illy ally oh,
On the last day of September.",https://s3-eu-west-1.amazonaws.com/audio.itma.ie/dustybluebells/Item_030_(HS_6112e_Track_08_TOO_FAINT.mp3,IE-2019-D-HLS-008.pdf,IE-2019-D-HLS-008.xml,soundslice.com/slices/NTRlc/
IE-2019-D-HLS-009,"Wallflowers, song ","Wallflowers, wallflowers, growing up so high,
Especially Marie S****, she is the youngest child.
Oh fie, for shame, oh fie, for shame,
Turn your back against the game.
Wallflowers, wallflowers, growing up so high,
Especially Deborah C******, she is the youngest child.
Oh fie, for shame, oh fie, for shame,
Turn your back against the game, etc.",https://s3-eu-west-1.amazonaws.com/audio.itma.ie/dustybluebells/Item_031_(HS_6818_Track_02_pruned).mp3,IE-2019-D-HLS-009.pdf,IE-2019-D-HLS-009.xml,soundslice.com/slices/4TRlc/
IE-2019-D-HLS-010,"A little thing goes wandering about, song ","A little thing goes wandering about
Behind her backs and under her tracks.
See, I have got it,
See, I have got it,
Tra-la, la-la, la-la.",https://s3-eu-west-1.amazonaws.com/audio.itma.ie/dustybluebells/Item_033_(HS_6906_Track_12).mp3,IE-2019-D-HLS-010.pdf,IE-2019-D-HLS-010.xml,soundslice.com/slices/3TRlc/
IE-2019-D-HLS-011,"Thart fá dtaobh de’n bhaile, song ","Thart fá dtaobh den bhaile,
Thart fá dtaobh den bhaile,
Thart fá dtaobh den bhaile,
Mar rinneamar fadó.
Amach ’s isteach ar fhuinneog,
Amach ’s isteach ar fhuinneog,
Amach ’s isteach ar fhuinneog,
Mar rinneamar fadó.
Green",https://s3-eu-west-1.amazonaws.com/audio.itma.ie/dustybluebells/Item_034_(HS_6832_Track_03).mp3,IE-2019-D-HLS-011.pdf,IE-2019-D-HLS-011.xml,soundslice.com/slices/bTRlc/
IE-2019-D-HLS-012,"Green gravel, song ","Green gravel, green gravel, the grass is so green
And her face is the fairest that ever was seen.
I’ll wash her in buttermilk and I’ll dress her in silk
And I’ll write her a letter with a gold pen and ink.",https://s3-eu-west-1.amazonaws.com/audio.itma.ie/dustybluebells/Item_035_(HS_6805_Track_07).mp3,IE-2019-D-HLS-012.pdf,IE-2019-D-HLS-012.xml,soundslice.com/slices/1TRlc/
IE-2019-D-HLS-013,"Old Roger is dead, song ","Old Roger is dead and he lies in his grave, Lies in his grave, lies in his grave, Old Roger is dead and he lies in his grave, Y - O - U.
There grew an old apple tree over his head, Over his head, over his head, There grew an old apple tree over his head, Y - O - U.
The apples got ripe and they all fell off …
There came an old woman picking them up…
Old Roger got up and he hit her a kick…
Then the old woman went hippety-hop…
Old Roger got up and he helped her to walk, Helped her to walk, helped her to walk, Old Roger got up and he helped her to walk,
Y - O - U.",https://s3-eu-west-1.amazonaws.com/audio.itma.ie/dustybluebells/Item_036_(HS_6918_Track_2).mp3,IE-2019-D-HLS-013.pdf,IE-2019-D-HLS-013.xml,soundslice.com/slices/7TRlc/
IE-2019-D-HLS-014,"Cups and saucers, song ","Cups and saucers, plates and dishes, Little black men in calico britches. Open your gates and let me through.",https://s3-eu-west-1.amazonaws.com/audio.itma.ie/dustybluebells/Item_038_(HS_6805_Track_08).mp3,IE-2019-D-HLS-014.pdf,IE-2019-D-HLS-014.xml,soundslice.com/slices/ZTRlc/
IE-2019-D-HLS-015,"There came three gipsies riding, song ","There came three gipsies riding,
Riding, riding,
There came three gipsies riding,
Y - O - U.
‘What are you riding here for,
Here for, here for?
What are you riding here for?’
Y - O - U.
‘We’re riding here to marry one of you boys…’
‘Who would marry you boys?…’
‘We’re just as good as you boys…’
‘Your knees are stiff as pokers…’
‘We can bend our knees as well as you boys…’
‘Where will your mother sleep?…’
‘Her mother will sleep in her father’s bed…’
‘Where will your father sleep? …’
‘Her father will sleep in the maid’s bed…’
‘Where will the maid sleep? …’
‘The maid will sleep in the pig-sty…’
‘Where will the pig sleep? …’
‘The pig will sleep at the riverside…’
‘Where will you wash your clothes? …’",https://s3-eu-west-1.amazonaws.com/audio.itma.ie/dustybluebells/Item_039_(HS_6918_Track_04_Pruned.mp3,IE-2019-D-HLS-015.pdf,IE-2019-D-HLS-015.xml,soundslice.com/slices/jTRlc/
IE-2019-D-HLS-016,"Jenny Jones, song ","‘I’ve come to see Jenny Jones, Jenny Jones, Jenny Jones, I’ve come to see Jenny Jones.’ ‘You can’t see her today.
For Jenny Jones’ washing clothes… You can’t see her today.’
‘I’ve come to see Jenny Jones…’ ‘You can’t see her today.
For Jenny Jones’ smoothing clothes… You can’t see her today.’
‘We’ve come to see Jenny Jones…’ ‘You can’t see her today.
For Jenny Jones’ mending clothes… You can’t see her today.’
‘We’ve come to see Jenny Jones…’ ‘You can’t see her today.
For Jenny Jones’ ill in bed… You can’t see her today.’
‘We’ve come to see Jenny Jones…’ ‘You can’t see her today.
For Jenny Jones’ dead and gone... You can’t see her today.’",https://s3-eu-west-1.amazonaws.com/audio.itma.ie/dustybluebells/Item_040_(HS_6112_(ITMA_2192e_Track_6_FAINT.mp3,IE-2019-D-HLS-016.pdf,IE-2019-D-HLS-016.xml,soundslice.com/slices/KTRlc/
IE-2019-D-HLS-017,"One, two, three, O'Leary, song [Belfast] ","One, two three, alery, Four, five, six, alery, Seven, eight, nine, alery, Ten, alery, Post-boy’s knock.",https://s3-eu-west-1.amazonaws.com/audio.itma.ie/dustybluebells/Item_041(i)_HS_6106_Track_11_FAINT.mp3,IE-2019-D-HLS-017.pdf,IE-2019-D-HLS-017.xml,soundslice.com/slices/rTRlc/
IE-2019-D-HLS-018,"On the mountain stands a lady, song ","On the mountain stands a lady, Who she is I do not know. She has lost her gold and silver, All she wants is someone new.
Call in my Rosemary oh, Rosemary oh, Call in my Rosemary oh, Till I get out to play.",https://s3-eu-west-1.amazonaws.com/audio.itma.ie/dustybluebells/Item_044(i)_(HS_6920_Track_10).mp3,IE-2019-D-HLS-018.pdf,IE-2019-D-HLS-018.xml,soundslice.com/slices/NJRlc/
IE-2019-D-HLS-019,"Hally go lee go lee, song ","Hally go-lee go lee, Hally go-lo go-lo, Hally go-lee go lee, Upon a summer’s day, Yoh! Repeated
Here we go round the ring, Hally go-lee go-lo, Hally go-lee go lee, Upon a summer’s day.",https://s3-eu-west-1.amazonaws.com/audio.itma.ie/dustybluebells/Item_045_(HS_6804_Track_2).mp3,IE-2019-D-HLS-019.pdf,IE-2019-D-HLS-019.xml,soundslice.com/slices/MJRlc/
IE-2019-D-HLS-020,"Here are the robbers coming through, song ","Here are the robbers coming through, Coming through, coming through, 
Here are the robbers coming through, 
    My fair lady. 
What did the robbers do on you, 
Do on you, do on you? 
What did the robbers do on you 
    My fair lady? 
They stole my watch and broke my chain, Broke my chain, broke my chain; 
They stole my watch and broke my chain, 
    My fair lady. 
Up to jail you must go, 
You must go, you must go; 
Up to jail you must go, my fair lady",https://s3-eu-west-1.amazonaws.com/audio.itma.ie/dustybluebells/Item_A10_(HS_6106_Track_04_FAINT).mp3,IE-2019-D-HLS-020.pdf,IE-2019-D-HLS-020.xml,soundslice.com/slices/wJRlc/
IE-2019-D-HLS-021,"In and out the windows, song ","In and out the windows, In and out the windows, In and out the windows, As you have done before.
Stand and face your partner, etc. As you have done before.
[Turn and kiss your partner, etc. As you have done before.]",https://s3-eu-west-1.amazonaws.com/audio.itma.ie/dustybluebells/Item_A11_(HS_6814_Track_04_end_pruned.mp3,IE-2019-D-HLS-021.pdf,IE-2019-D-HLS-021.xml,soundslice.com/slices/zJRlc/
IE-2019-D-HLS-022,"Green gravel, song ","Green gravel, green gravel, Your grass is so green You’re the fairest young damsel That ever I’ve seen.
I washed her, I dressed her, I robed her in silk And I wrote down her name With a glass pen and ink.
Dear Eileen, dear Eileen, Your true love is dead And I sent you a letter To turn back your head.",https://s3-eu-west-1.amazonaws.com/audio.itma.ie/dustybluebells/Item_A12_(HS_6807_Track_18).mp3,IE-2019-D-HLS-022.pdf,IE-2019-D-HLS-022.xml, soundslice.com/slices/RJRlc/
IE-2019-D-HLS-023,"I’m a little Dutch girl, song ","Oh I’m a little Dutch girl, A Dutch girl, a Dutch girl, Oh I’m a little Dutch girl From over the sea.
Oh, I’m a little Dutch boy, A Dutch boy, a Dutch boy, Oh, I’m a little Dutch boy From over the sea.
Oh, go ’way, I hate you, I hate you, I hate you, Oh, go ’way, I hate you, From over the sea.
Oh why do you hate me, Hate me, hate me? Oh why do you hate me From over the sea?
Because you hit my sister, My sister, my sister, Because you hit my sister From over the sea.
Oh please will you forgive me, Forgive me, forgive me? Oh please will you forgive me From over the sea?
Oh yes, I will forgive you, Forgive you, forgive you, Oh yes, I will forgive you, From over the sea
Oh now we are together, Together, together, Oh now we are together From over the sea
Oh now we are married, Married, married, Oh now we’re getting married From over the sea.",https://s3-eu-west-1.amazonaws.com/audio.itma.ie/dustybluebells/Item_A13_(HS_6820_Track_04).mp3,IE-2019-D-HLS-023.pdf,IE-2019-D-HLS-023.xml,soundslice.com/slices/bJRlc/
IE-2019-D-HLS-024,"Chase, chase, chase the hairy elephant, song ","Chase, chase, chase the hairy elephant,
Whoever told a lie on baldy Deborah!
That was on baldy Kitty…",https://s3-eu-west-1.amazonaws.com/audio.itma.ie/dustybluebells/Item_053_(HS_6818_Track_17).mp3,IE-2019-D-HLS-024.pdf,IE-2019-D-HLS-024.xml,soundslice.com/slices/dJRlc/
IE-2019-D-HLS-025,"The walls of Jerusalem, song ","Oh, the poor man lived outside the walls of Jerusalem,
Glory, Hallelujah, hi-oh jerrum.
The rich man lived inside the walls of Jerusalem,
Glory, Hallelujah, hi-oh jerrum.
The poor man went to the rich man’s door-ium, Glory…
The poor man asked for a breadie and a cheese-ium, Glory…
The rich man said ‘I’ll call the police-ium’. Glory…
Hi-oh jerrum, hi-oh jerrum
Skiddle a mink a doodle um, skiddle a mink a doodle um,
Glory, Hallelujah, hi-oh jerrum.
Now the poor man died and he went straight to heaven-ium…
He was fooling with the angels at a quarter past eleven-ium…
Hi-oh jerrum…
Now the rich man died and he didn’t fare so well-ium…
He couldn’t go to heaven, so he had to go to hell-ium…
Now the rich man asked for a whiskey and a sod-ium...
The devil only shouted, ‘Shovel on the coal-ium.’ …
Hi-oh jerrum…
Now the moral of my story is, the richie and the poor-ium…
We’re all stony broke, so we’ll all go to heaven-ium…
Hi-oh jerrum…",https://s3-eu-west-1.amazonaws.com/audio.itma.ie/dustybluebells/Item_061_HS_6810_Track_3).mp3,IE-2019-D-HLS-025.pdf,IE-2019-D-HLS-025.xml,soundslice.com/slices/ZJRlc/
IE-2019-D-HLS-026,"My Mother Told Me [A Naughty Girl], song ","My mother told me
If I was goodie
That she would buy me
A rubber dollie.
My auntie told her
I kissed a soldier
(spoken) And now she won’t buy me
A rubber dollie.",https://s3-eu-west-1.amazonaws.com/audio.itma.ie/dustybluebells/Item_066_(HS_6818_Track_7).mp3,IE-2019-D-HLS-026.pdf,IE-2019-D-HLS-026.xml,soundslice.com/slices/nJRlc/
IE-2019-D-HLS-027,"I’m the wee faloorie man, song ","I’m the wee faloorie man,
Faloorie man, faloorie man,
I’m the wee faloorie man,
Come catch me if you can. Bw – w – w!",https://s3-eu-west-1.amazonaws.com/audio.itma.ie/dustybluebells/Item_070_(HS_6112_(ITMA_2192g_Track_27))_FAINT.mp3,IE-2019-D-HLS-027.pdf,IE-2019-D-HLS-027.xml,soundslice.com/slices/5JRlc/
IE-2019-D-HLS-028,In the alley,"Down in the alley where the green grass grows
See Raymond ******* washing his clothes.
He sings, he sings, he sings so sweet,
He calls for Ann ******* down the street.
‘Ann, Ann, will you marry me?’
‘Yes, dear, yes, dear, at half past three.
Ice cakes, jam cakes, all for tea
And we’ll have a jolly wedding at half past three.’",https://s3-eu-west-1.amazonaws.com/audio.itma.ie/dustybluebells/Item_083_(HS_6818_Track_32).mp3,IE-2019-D-HLS-028.pdf,IE-2019-D-HLS-028.xml,soundslice.com/slices/NbRlc/
IE-2019-D-HLS-029,"My aunt Jane she called me in, song ","My aunt Jane she called me in,
She made me tea in her wee tin,
A penny bap,
Sugar on the top,
Three black balls out of her wee shop.
My aunt Jane she called me in,
She made me tea in her black tin.
She called me back, I wouldn’t go,
She shut the door on my wee toe.",https://s3-eu-west-1.amazonaws.com/audio.itma.ie/dustybluebells/Item_090_(240360_47).mp3,IE-2019-D-HLS-029.pdf,IE-2019-D-HLS-029.xml,soundslice.com/slices/fbRlc/
IE-2019-D-HLS-030,"Chewing gum a penny a packet, song ","Chewing-gum a penny a packet,
First you chew it, then you crack it,
Then you stick it to your jacket,
Chewing-gum a penny a packet.",https://s3-eu-west-1.amazonaws.com/audio.itma.ie/dustybluebells/Item_094_(HS_6820_Track_5).mp3,IE-2019-D-HLS-030.pdf,IE-2019-D-HLS-030.xml,soundslice.com/slices/YbRlc/
IE-2019-D-HLS-031,"Our Queen up the river, song ","Our Queen up the river
With your yah! yah! yah!
Our Queen up the river
With your yah! yah! yah!
Our Queen up the river
And she’ll be up there for ever
With your yah! yah!
Yah! yah! yah!",https://s3-eu-west-1.amazonaws.com/audio.itma.ie/dustybluebells/Item_099(i)_(239372_Track_03).mp3,IE-2019-D-HLS-031.pdf,IE-2019-D-HLS-031.xml,soundslice.com/slices/h1Rlc/
IE-2019-D-HLS-032,"Our Queen can burl her leg, song ","Our Queen can burl her leg, Burl her leg, burl her leg, Our Queen can burl her leg, Our Queen can burl her leg, Burl her leg.",https://s3-eu-west-1.amazonaws.com/audio.itma.ie/dustybluebells/Item_100_(239372_4).mp3,IE-2019-D-HLS-032.pdf,IE-2019-D-HLS-032.xml,soundslice.com/slices/sWRlc/
IE-2019-D-HLS-033,"Our Queen won, song ","Our Queen won, our Queen won, Yee-oh, bravo, our Queen won. The other had to run, the other had to run, Yee-oh, bravo, our Queen won.",https://s3-eu-west-1.amazonaws.com/audio.itma.ie/dustybluebells/Item_101_(HS_6807_Track_19).mp3,IE-2019-D-HLS-033.pdf,IE-2019-D-HLS-033.xml,soundslice.com/slices/yVXlc/
IE-2019-D-HLS-034,"Raddy addy and we’re not beat yet, song ","Raddy addy and we’re not beat yet,
Raddy addy and we’re not beat yet,
Raddy addy and we’re not beat yet,
We’re not beat yet and we’re hardly.",https://s3-eu-west-1.amazonaws.com/audio.itma.ie/dustybluebells/Item_102_(HS_6807_Track_21).mp3,IE-2019-D-HLS-034.pdf,IE-2019-D-HLS-034.xml,soundslice.com/slices/lVXlc/
IE-2019-D-HLS-035,"Here she sits, a lovely creature, song ","Here she sits a lovely creature,
Who she is I cannot tell;
I will court her for her beauty,
All I want’s a nice young girl,
To be the Queen of May,
To be the Queen of May,
The darkie says he’ll marry her,
He’ll marry her, he’ll marry her
The darkie says he’ll marry her,
Because she is a Queen.
Because she is a Queen,
Because she is a Queen,
The darkie says he’ll marry her
He’ll marry her, he’ll marry her,
The darkie says he’ll marry her
Because she is a Queen.",https://s3-eu-west-1.amazonaws.com/audio.itma.ie/dustybluebells/Item_103_(HS_6807_Track_17).mp3,IE-2019-D-HLS-035.pdf,IE-2019-D-HLS-035.xml,soundslice.com/slices/CVXlc/
IE-2019-D-HLS-036,"Grandma Gray, rhyme ","‘Grandma, grandma Gray, Will you let us out to play? We’ll not go near the water To chase the ducks away.’
Spoken
‘No, dear children, it’s a very wet day.’
Sung
‘Grandma, grandma Gray, Will you let us out to play? We’ll not go near the water To chase the ducks away.’
Spoken
‘Yes, dear children, it’s a very fine day.",https://s3-eu-west-1.amazonaws.com/audio.itma.ie/dustybluebells/Item_105_(239372_06_PRUNED).mp3,IE-2019-D-HLS-036.pdf,IE-2019-D-HLS-036.xml,soundslice.com/slices/gVXlc/
IE-2019-D-HLS-037,"We’ll join our hands together [Fermanagh mummers], song ","We’ll join our hands together
And never fight no more,
We’ll be as gallant comrades
As we have been before,
We’ll bless the master of this house
And the mistress too
And all the little children
That round the table grew.
With our pockets full of money
And our hearts all full of cheer
We wish you a merry Christmas
And a bright New Year!",https://s3-eu-west-1.amazonaws.com/audio.itma.ie/dustybluebells/Item_110(i).mp3,IE-2019-D-HLS-037.pdf,IE-2019-D-HLS-037.xml,soundslice.com/slices/GVXlc/
IE-2019-D-HLS-038,"Here’s to you Tom Brown [Fermanagh mummers], song ","The twelve beats the eleven and the eleven beats the ten,
We are a jolly company of stout, strong men;
Here’s to you, Tom Brown, here’s to you with all my heart,
We’ll have another glass or two this night before we part,
Here’s to you, Tom Brown.
The ten beats the nine and the nine beats the eight,
We are a jolly company, we all walk straight;
61
Here’s to you, Tom Brown, here’s to you with all my heart, We’ll have another glass or two this night before we part, Here’s to you, Tom Brown.
The nine beats the eight and the eight beats the seven, We are a jolly company and we’re going to heaven...
The seven beats the six and the six beats the five, We are a jolly company, we are, man alive!...
The five beats the four and the four beats the three, We are a jolly company and we’re all free...
The three beats the two and the two beats the one, We are a jolly company and now we’re done;
Here’s to you, Tom Brown, here’s to you with all my heart, We’ll have another glass or two this night before we part, Here’s to you, Tom Brown.",https://s3-eu-west-1.amazonaws.com/audio.itma.ie/dustybluebells/Item_110(ii).mp3,IE-2019-D-HLS-038.pdf,IE-2019-D-HLS-038.xml,soundslice.com/slices/cfXlc/
IE-2019-D-HLS-039,"God bless the master of this house [Donegal mummers], song ","God bless the master of this house And the landlady also And all the little children around the table go, For we wish you a happy New Year, Year, Year, Ay, we wish you a happy New Year.
With our pockets full of money And your barrels full of beer Well, we wish you a happy New Year, Year, Year, Ay, we wish you a happy New Year",https://s3-eu-west-1.amazonaws.com/audio.itma.ie/dustybluebells/Item_A28(ii)_(HS_6829_Track_8).mp3,IE-2019-D-HLS-039.pdf,IE-2019-D-HLS-039.xml,soundslice.com/slices/yfXlc/
IE-2019-D-HLS-040,"Rocking the cradle, song ","Oh it’s rocking the cradle,
It’s rocking the cradle,
It’s rocking the cradle
And it’s singing Hee ba.
La deedle dee dee dee dee
Deedle dee dee dee
Och it’s rocking the cradle
And singing Hee ba.",https://s3-eu-west-1.amazonaws.com/audio.itma.ie/dustybluebells/Item_112(i)_(HS_6807_Track_24).mp3,IE-2019-D-HLS-040.pdf,IE-2019-D-HLS-040.xml,soundslice.com/slices/lDXlc/
IE-2019-D-HLS-041,"You’re a wee bonny wean, song ","You’re a wee bonny wean,
You’re a wee bonny wean,
You’re a wee bonny wee wean,
You’re a wee bonny wee wean.",https://s3-eu-west-1.amazonaws.com/audio.itma.ie/dustybluebells/Item_113_(HS_6807_Track_25).mp3,IE-2019-D-HLS-041.pdf,IE-2019-D-HLS-041.xml,soundslice.com/slices/RDXlc/
IE-2019-D-HLS-042,"Minnie Picken on the shore, song ","Minnie Picken on the shore.
Gathering winkles off Culmore,
Turned around and give a roar:
– What the divil ails ye?
A-ring deedle lil de dum
Dithery dum de doodle um
Ring deedle lil de dum Doodle lil de da dee, etc.
Jane McNeill’s in love with me And I’m as happy as I can be. How would you like if you were me? Fal de deedle di do.
Jane she’s neat and Jane she’s fat, She wears her hair beneath her hat; What do you think about that?
Ty reedle lil de dum, &c.",https://s3-eu-west-1.amazonaws.com/audio.itma.ie/dustybluebells/Item_115_HS_6814_Track_1).mp3,IE-2019-D-HLS-042.pdf,IE-2019-D-HLS-042.xml,soundslice.com/slices/sDXlc/
IE-2019-D-HLS-043,"Love will you marry me?, song ","Love, will you marry me, Love, will you marry me, Marry me, marry me And take me out of danger?
This is the way the teacher stands, This is the way she holds her hands, This is the way she combs her hair And this is the way she dances.
Dy deedle oodle um Dithery aydle oodle um Da rowdle doodle dee, Doodle diddle doo dum, etc.",https://s3-eu-west-1.amazonaws.com/audio.itma.ie/dustybluebells/Item_116_HS_6107f_Track_3.mp3,IE-2019-D-HLS-043.pdf,IE-2019-D-HLS-043.xml,soundslice.com/slices/BDXlc/
IE-2019-D-HLS-044,"When I was young I had no sense, song ","When I was young I had no sense, I bought a fiddle for eighteen pence And all the tunes that I could play Was ‘O’er the hill and far away’.",https://s3-eu-west-1.amazonaws.com/audio.itma.ie/dustybluebells/Item_117_(HS_6807_Track_26).mp3,IE-2019-D-HLS-044.pdf,IE-2019-D-HLS-044.xml,soundslice.com/slices/QDXlc/
IE-2019-D-HLS-045,"I love my love far better, song ","As I roved out one fine summer’s night
For to look for recreation
My heart was light and free from care,
Quite happy in my station;
Down by a transparent river clear
I met a comely maiden there
With a garland of flowers on her head she did wear
For to shade the sun from her beauty.
You gods, oh gods of this divine,
Come hand my love a letter,
That gave to me this mortal wound –
No one could love her better.
Far more than fishes likes to swim,
Far more than linnets likes to sing,
Far better than the bee loves the flowery vale
I love my love far better.",https://s3-eu-west-1.amazonaws.com/audio.itma.ie/dustybluebells/Item_118_(HS_6813_Track_3).mp3,IE-2019-D-HLS-045.pdf,IE-2019-D-HLS-045.xml,soundslice.com/slices/gDXlc/
IE-2019-D-HLS-046,"The dark-eyed gipsy, song ","There was three gipsies lived in the East:
They sang so sweet and bonny, oh,
They sang so sweet, so very sweet,
They charmed the heart of the lady, oh.
When Charles he came home late at night
Enquiring for his lady, oh,
‘She’s gone, she’s gone’, said his own waiting-man,
‘She has followed the dark-eyed gipsy, oh.’
[‘Then saddle me my milk-white steed –
The brown one’s not so speedy, oh –
That I may ride the whole length of the night
Till I find out the dark-eyed gipsy, oh.’]
Then he rode North and he rode South,
He rode East and Westwards, oh,
Until he met with his own wedded wife,
And she following the dark-eyed gipsy, oh.
‘Will you forsake your house and land?
Will you forsake your children, oh?
Will you forsake your own wedded lord
And follow the dark-eyed gipsy, oh?’
‘What do I care for house and land?
What do I care for my children, oh?
What do I care for my own wedded lord
When I followed the dark-eyed gipsy, oh!’
She took the garment that she wore,
She bound it as a head-dress, oh,
Saying ‘I’ll eat the grass, I’ll drink the dew
And follow the dark-eyed gipsy, oh.’",https://s3-eu-west-1.amazonaws.com/audio.itma.ie/dustybluebells/Item_119_(HS_6105_ITMA_2100a_Track_10).mp3,IE-2019-D-HLS-046.pdf,IE-2019-D-HLS-046.xml,soundslice.com/slices/cMXlc/
IE-2019-D-HLS-047,"The maid of Culmore, song ","From fair Londonderry to sweet London town There is no better harbour around can be found, Where the young girl each evening does walk round the shore And the joy-bells were ringing the maid of Coolmore.
The first time I saw my love she passed me by And the next time I saw her she bid me goodbye, But the last time I saw her she grieved my heart sore As she sailed down Lough Foyle and away from Coolmore.",https://s3-eu-west-1.amazonaws.com/audio.itma.ie/dustybluebells/Item_120_(HS_6943_Track_6).mp3,IE-2019-D-HLS-047.pdf,IE-2019-D-HLS-047.xml,soundslice.com/slices/MMXlc/
IE-2019-D-HLS-048,"B’fhearr liom réal beag, song ","B’fhearr liom réal beag, Réal beag deas. B’fhearr liom réal beag Ná rud a bhíos sa domhan.
Chaith mé réal beag, Réal beag deas, Agus thug mé réal Abhaile chuig mo mhnaoi…",https://s3-eu-west-1.amazonaws.com/audio.itma.ie/dustybluebells/Item_121_(HS_6835_Track_10).mp3,IE-2019-D-HLS-048.pdf,IE-2019-D-HLS-048.xml,soundslice.com/slices/HMXlc/
IE-2019-D-HLS-049,"Obadiah, song ","Says the one Obadiah to the tother Obadiah, ‘Obadiah, Obadiah, I am dry!’ Says the tother Obadiah to the first Obadiah, ‘Obadiah, Obadiah, so am I!’",https://s3-eu-west-1.amazonaws.com/audio.itma.ie/dustybluebells/Item_122_(HS_6805_Track_09).mp3,IE-2019-D-HLS-049.pdf,IE-2019-D-HLS-049.xml,soundslice.com/slices/bMXlc/
IE-2019-D-HLS-050,"John Barbour, song ","There was a lord lived in this town, He had only one loved daughter Jane; And as she stood in her father’s castle walls She was watching the ship sails on, on, ...
‘What ails you, what ails you?’ her father did say, ‘You look so pale and wan; Nor have you got some sore sickness,’ he says, ‘Nor deceived by some young man, man, ...’
‘I have not got sore nor sickness’, she says, ‘Nor deceived by no young man, But the truth unto you, my father, I will tell: My true love stops too long, long, ...’
‘Is your true love a knight nor a lord,’ he says, ‘Nor is he a man of fame, Nor is he one of our seamen bold That ploughs the raging main, main? ...’
‘He is not a knight nor a lord,’ she says, ‘Nor he is not a man of fame But he is one of our seamen bold: John Barbour is his name, name, ...’
‘If that is so, dear daughter’, he says, ‘That you fell in love with he, But before eight o’clock on tomorrow morning I will hang him to a tree, tree, ...’
‘If you’ll hang John Barbour, dear father,’ she says ‘And hang him to a tree, But before eight o’clock on tomorrow morning I will die as well as he, he, ...’
Then he called all his merry men in By one, by two and by three, And the very man that always used to come first Was the very last man came he, he, ...
His stockings they were of the grass-green silk And his coat of the navy blue And his skin was as white as any milk That ever your eyes had seen, seen, ...
‘It’s no wonder now, dear daughter,’ he says ‘That you fell in love with he For if I was a woman nor though I am a man My bedfellow he would be, be ...’
‘Will you marry my daughter now,’ he said ‘With the faith of my own right hand? She can eat and drink at my own table And be heir of all my land, land, ...’
‘I will marry your daughter now,’ he said ‘With the faith of my own right hand. She can eat and drink at my own table And a fig for all your land, land, ...
For now John Barbour it is my name And a seaman to you I only stand, For I’ve just got as good living as you – I’m the mayor of all Creveland, ...’
He mounted his love on a milk-white steed And they rode unto a bay And they have as much land as you could walk round For the length of (spoken) a long summer’s day!",https://s3-eu-west-1.amazonaws.com/audio.itma.ie/dustybluebells/Item_123_(239602_01_110_percent).mp3,IE-2019-D-HLS-050.pdf,IE-2019-D-HLS-050.xml,soundslice.com/slices/sMXlc/
IE-2019-D-HLS-051,"The Kerry recruit, song ","When I was in Ireland and digging up land With me brogues on me feet and me spade in me hand, Oh, up came a sergeant, said he, ‘Would you list?’ ‘Arrah, grá mo chroí, sergeant, gi’ me a hould of your fist,’,
Singing, Taddy hi ho, taddy hi ho, Wack fal de doodle, singing, Taddy hi ho.
He gave me five bob, he said he’d give me more; ‘Call up to headquarters, I’ll pay off your score.’ ‘Headquarters, headquarters, headquarters,’ says I, If I’m going to be quartered, sir I’ll bid you good-bye,’ ...
When I listed to sea I was sent On board a big ship called the Bonny Dundee: Three sticks in the middle all covered with a sheet And she walked along the water without any feet! ...
And when I was listed to India I was sent, With climbing up rocks my knees were all bent; I listed for seven, thank God it’s not ten: I’ll go home to old Ireland and I’ll dig turf again, ...",https://s3-eu-west-1.amazonaws.com/audio.itma.ie/dustybluebells/Item_126_870_ITMA_MP3.mp3,IE-2019-D-HLS-051.pdf,IE-2019-D-HLS-051.xml, soundslice.com/slices/tMXlc/
IE-2019-D-HLS-052,"My love she’s but a lassie, song ","Oh, my love she’s but a lassie, oh, A lassie, oh, a lassie, oh; I will let her stand a year or two And she’ll not be half as saucy, oh.
For I kissed her once, she never said, No And then I kissed her twice my love to show And she says, Your whiskers tickles me so! Keep on doing it, Sandy, oh!",https://s3-eu-west-1.amazonaws.com/audio.itma.ie/dustybluebells/Item_A30_(817-ITMA-MP3).mp3,IE-2019-D-HLS-052.pdf,IE-2019-D-HLS-052.xml,soundslice.com/slices/mMXlc/
IE-2019-D-HLS-053,"Did you ever see the devil and his wooden leg and shovel, song ",Did you ever see the divil and his wooden leg and shovel Digging taties in the garden and his tail cocked up? ,https://s3-eu-west-1.amazonaws.com/audio.itma.ie/dustybluebells/Item_A32_(239784_A37).mp3,IE-2019-D-HLS-053.pdf,IE-2019-D-HLS-053.xml,soundslice.com/slices/kkXlc/
IE-2019-D-HLS-054,"Some say the divil’s dead, song ","Some says the divil’s dead, Some says he’s hardly. Some says the divil’s dead And buried in Killarney.",https://s3-eu-west-1.amazonaws.com/audio.itma.ie/dustybluebells/Item_A33_(HS_6803_Track_07).mp3,IE-2019-D-HLS-054.pdf,IE-2019-D-HLS-054.xml,soundslice.com/slices/CkXlc/
IE-2019-D-HLS-055,"Wee Magee and a half-a-dozen more, song ","Wee Magee and a half-a-dozen more
Were lying on the sawdust and the sawdust on the floor
There was such a gathering crowd that we’d never seen before.
Wee Magee and a half-a-dozen more.",https://s3-eu-west-1.amazonaws.com/audio.itma.ie/dustybluebells/Item_A36_(HS_6105_ITMA_2100b_Track_20).mp3,IE-2019-D-HLS-055.pdf,IE-2019-D-HLS-055.xml,soundslice.com/slices/ZkXlc/
IE-2019-D-HLS-056,"For my daddy goes to meeting, song ",For my daddy goes to Meeting And my mammy goes to Mass And I take a rattle At the Cuckoo’s nest.,https://s3-eu-west-1.amazonaws.com/audio.itma.ie/dustybluebells/Item_A37_Track_22_(All_the_days_disc_3_track_22).mp3,IE-2019-D-HLS-056.pdf,IE-2019-D-HLS-056.xml,soundslice.com/slices/rkXlc/
IE-2019-D-HLS-057,"My love wears the tarry trousers, song ","My love wears the tarry trousers, My love wears the jacket blue, My love sails on another ocean, So, young man, away with you.
Why do you die so much on beauty? It’s a flower that’ll soon decay. Like the rose that blooms in summer When winter comes it dies away.",https://s3-eu-west-1.amazonaws.com/audio.itma.ie/dustybluebells/Item_A38_(HS_6125_(ITMA_2193d_track_25%2C_clip_of_radio_talk).mp3,IE-2019-D-HLS-057.pdf,IE-2019-D-HLS-057.xml,soundslice.com/slices/vkXlc/
IE-2019-D-HLS-058,"I’ll climb up a high high tree, song ","I’ll climb up a high, high tree And I’ll rob a rich bird’s nest And I’ll come down without a frown And I’ll wed the one that I love best.
For T it stands for Tom, my dear, And J for my love John And W stands for sweet William For he is the fairest one.",https://s3-eu-west-1.amazonaws.com/audio.itma.ie/dustybluebells/Item_A39_(HS_61_30_(ITMA_2194a_Track_04)).mp3,IE-2019-D-HLS-058.pdf,IE-2019-D-HLS-058.xml, soundslice.com/slices/pkXlc/
IE-2019-D-HLS-059,"On the top of yon heathery mountain, song ",On the top of yon heathery mountain I would rather be with you As any duke or squire Or lord of a high degree.,https://s3-eu-west-1.amazonaws.com/audio.itma.ie/dustybluebells/Item_A40_(HS_6816_Track_05).mp3,IE-2019-D-HLS-059.pdf,IE-2019-D-HLS-059.xml,soundslice.com/slices/D4Xlc/
IE-2019-D-HLS-060,"The tree in the ground, song ","In yonder ground there was a tree, As fine a tree as ever was seen, For the tree in the ground And the green grass grew all round, all round, And the green grass grew all round.
[And on that tree there was a stump, etc.]
And on that tree there was a branch, As fine a branch as ever was seen, For the branch on the tree, And the tree in the ground, etc.
And on that branch there was a twig, etc,
And on that twig there was a nest, etc.
And in that nest there was an egg, etc.
And in that egg there was a bird, As fine a bird as ever was seen, For the bird in the egg, And the egg in the nest, And the nest on the twig, And the twig on the branch, And the branch on the stump, And the stump on the tree, And the tree in the ground, And the green grass grew all round, etc.",https://s3-eu-west-1.amazonaws.com/audio.itma.ie/dustybluebells/Item_A41_(HS_6817_Track_02).mp3,IE-2019-D-HLS-060.pdf,IE-2019-D-HLS-060.xml,soundslice.com/slices/z4Xlc/
IE-2019-D-HLS-061,"It’s of a row to you I’ll show, song ","It’s of a row to you I’ll show Down in the kitchen here below.
To tell you the truth what begun the fray: The broom stood in the dishcloth’s way.
The dishcloth said it was not fair And told the broom to not stand there.
The tongs got up by the fireside, Got up on their long legs and cried.
And called to the broom to quieten down Or he would have to leave the room.
The dishcloth then began to wash And through the water it did splash.",https://s3-eu-west-1.amazonaws.com/audio.itma.ie/dustybluebells/Item_A42_(HS_6815_Track_03).mp3,IE-2019-D-HLS-061.pdf,IE-2019-D-HLS-061.xml,soundslice.com/slices/14Xlc/
IE-2019-D-HLS-062,"To my grief and woe I’ll let you know, song ","To my grief and woe I’ll let you know That I’m a poor land-holder And Nancy Margit’s my wife’s name: She’s a teaser of a scolder. I sung, Ay sure ay sure, all diddle ay, To my right shill er ill ay do.
I hadn’t been long cutting ash in a wood Till I heard the roar of a donkey And looking round I was tight-l-y hugged
89
between two rank-tailed monkeys. I sung, etc.
O they dragged me here and they dragged me there And they dragged me to a river; Between dooking and diving I got rid: I think I done right clever. I sung, etc.",https://s3-eu-west-1.amazonaws.com/audio.itma.ie/dustybluebells/Item_A43_(HS_6816_Track_03).mp3,IE-2019-D-HLS-062.pdf,IE-2019-D-HLS-062.xml,soundslice.com/slices/W4Xlc/
IE-2019-D-HLS-063,"The Inniskilling dragoon, song ","There was a fair lady lived in Monaghan town, A rich merchant’s daughter of fame and renown; As she strayed by the barracks this beautiful maid She watched from her carriage the dragoons on parade.
Fare you well, Enniskillen, fare you well for a while And all around the borders of Erin’s green isle And when the war is over we’ll return in full bloom And we will all welcome home our Inniskilling dragoon.
The dragoons they were dressed up like gentlemen’s sons With their bright, shining swords and their carabine guns; Their silver-mounted pistols she observed them full soon All because that she loved her Inniskilling dragoon.
Fare you well, Enniskillen, fare you well for a while And all around the borders of Erin’s green isle And when the war is over we’ll return in full bloom And we’ll all welcome home our Inniskilling dragoon.
– Oh mother, dear mother, for me do not weep; My mother’s kind advice I am going for to keep. My parents brought me up from a boy unto a man And I’m going in defence of my own native land.
Fare you well, Enniskillen, fare you well for a while, etc.",https://s3-eu-west-1.amazonaws.com/audio.itma.ie/dustybluebells/Item_A44_(836-ITMA-MP3).mp3,IE-2019-D-HLS-063.pdf,IE-2019-D-HLS-063.xml, soundslice.com/slices/h4Xlc/
IE-2019-D-HLS-064,"Twas pretty to be in Ballinderry, song ","’Twas pretty to be in Ballinderry, ’Twas pretty to be in Aghalee, ’Twas pretty to be in little Ram’s island In trysting under the ivy tree. Ochone, ochone, ochone, ochone.
’Twas pretty to be in Ballinderry, But now it’s sad as sad can be, For the ship that sailed with Phelim my lover Is sunk forever beneath the sea. Ochone, ochone, ochone, ochone.
And oh, that I wear the weeping willow To wander alone by the lonesome billow And cry to him over the cruel sea, Oh Phelim, my lover, come back to me. Ochone, ochone, ochone, ochone.",https://s3-eu-west-1.amazonaws.com/audio.itma.ie/dustybluebells/Item_A46_(239784_A36).mp3,IE-2019-D-HLS-064.pdf,IE-2019-D-HLS-064.xml,soundslice.com/slices/wyXlc/